{"stats":{"minecraft:dropped":{"man:cassette_1safetyinstructions":1,"man_from_the_shadow:pills":1,"minecraft:cracked_deepslate_bricks":1,"minecraft:written_book":2},"minecraft:used":{"minecraft:deepslate_bricks":2,"minecraft:soul_lantern":7,"man:cassetteplayer":2,"minecraft:command_block":4,"minecraft:written_book":13,"minecraft:cracked_deepslate_bricks":17,"minecraft:podzol":1,"minecraft:lectern":2,"minecraft:stone_pressure_plate":1,"minecraft:redstone_block":12},"minecraft:custom":{"minecraft:time_since_rest":79635,"minecraft:crouch_one_cm":390,"minecraft:sprint_one_cm":36821,"minecraft:play_time":79635,"minecraft:walk_one_cm":49085,"minecraft:sneak_time":482,"minecraft:drop":5,"minecraft:interact_with_lectern":18,"minecraft:jump":129,"minecraft:leave_game":34,"minecraft:time_since_death":79635,"minecraft:total_world_time":79635,"minecraft:fall_one_cm":418,"minecraft:fly_one_cm":45404},"minecraft:picked_up":{"man:cassette_1safetyinstructions":1,"man_from_the_shadow:pills":1,"minecraft:soul_lantern":1,"minecraft:cracked_deepslate_bricks":1,"minecraft:written_book":3}},"DataVersion":3120}