{"stats":{"minecraft:mined":{"minecraft:spruce_door":3,"minecraft:wall_torch":9},"minecraft:dropped":{"man:cassette_1safetyinstructions":1,"man_from_the_shadow:pills":1,"minecraft:cracked_deepslate_bricks":1,"minecraft:written_book":2},"minecraft:used":{"minecraft:deepslate_bricks":3,"minecraft:soul_lantern":7,"man:cassetteplayer":2,"minecraft:torch":9,"minecraft:polished_blackstone_pressure_plate":1,"minecraft:command_block":5,"minecraft:spruce_door":3,"minecraft:written_book":13,"minecraft:cracked_deepslate_bricks":17,"minecraft:podzol":1,"minecraft:lectern":2,"minecraft:stone_pressure_plate":1,"minecraft:redstone_block":12},"minecraft:custom":{"minecraft:time_since_rest":5324,"minecraft:deaths":7,"minecraft:damage_taken":1560,"minecraft:crouch_one_cm":414,"minecraft:sprint_one_cm":46691,"minecraft:play_time":115427,"minecraft:walk_one_cm":67418,"minecraft:sneak_time":595,"minecraft:drop":5,"minecraft:interact_with_lectern":18,"minecraft:jump":143,"minecraft:leave_game":37,"minecraft:time_since_death":5275,"minecraft:total_world_time":115427,"minecraft:fall_one_cm":418,"minecraft:fly_one_cm":47346},"minecraft:picked_up":{"man:cassette_1safetyinstructions":1,"man_from_the_shadow:pills":1,"minecraft:torch":9,"minecraft:soul_lantern":1,"minecraft:cracked_deepslate_bricks":1,"minecraft:written_book":3,"minecraft:spruce_door":3}},"DataVersion":3120}