{"stats":{"minecraft:dropped":{"man_from_the_shadow:pills":1},"minecraft:used":{"minecraft:lectern":1,"minecraft:deepslate_brick_slab":1,"minecraft:bedrock":6,"minecraft:polished_blackstone_pressure_plate":2,"minecraft:redstone_block":3,"minecraft:spruce_door":2,"minecraft:command_block":1,"minecraft:obsidian":1},"minecraft:custom":{"minecraft:jump":6,"minecraft:time_since_rest":12125,"minecraft:crouch_one_cm":7,"minecraft:leave_game":2,"minecraft:play_time":12125,"minecraft:sprint_one_cm":8957,"minecraft:time_since_death":12125,"minecraft:walk_one_cm":20380,"minecraft:sneak_time":272,"minecraft:total_world_time":12125,"minecraft:walk_under_water_one_cm":114,"minecraft:drop":1,"minecraft:fly_one_cm":2987},"minecraft:picked_up":{"man_from_the_shadow:pills":1}},"DataVersion":3120}